{
  "enabled": true,
  "statistics": {
    "mean": 0.9087051153182983,
    "std": 0.20770156383514404,
    "median": 0.9638981223106384,
    "min": 0.05253571271896362,
    "max": 1.138751745223999,
    "p5": 0.23234160244464874,
    "p25": 0.8792204260826111,
    "p50": 0.9638981223106384,
    "p75": 1.0221593379974365,
    "p95": 1.0789767503738403,
    "num_pairs": 465
  },
  "thresholds": {
    "merge_threshold": 0.5,
    "split_threshold": 1.0221593379974365,
    "review_threshold": 0.7,
    "reassign_threshold": 1.0
  },
  "config": {
    "merge_sigma": 1.5,
    "split_percentile": 75,
    "review_bottom_pct": 15
  }
}